{
  "xref": [
    5.591136399586234,
    6.596000250316941,
    6.549532877974567,
    6.441160176485298,
    6.323983831737877,
    6.205972966074116,
    6.08863809168507,
    5.971838184489107,
    5.854650658025889,
    5.735398502111329,
    5.611324589416063,
    5.477931135102363,
    0.03842433633982515,
    0.09578783063678831
  ],
  "dt_ref": 3.0517578125e-06,
  "ref_converged": true,
  "dt_unst": 475196015.2886635,
  "eps_unst": 35.1831711957076,
  "eps_a": 0.06596000250316941,
  "xref_scale": 6.596000250316941,
  "case": "eps_a_lt_eps_unst",
  "dt_a_fe": 0.13848602802037838,
  "error_a_fe": 0.050915236548911835,
  "time_a_fe": 0.0011110305786132812,
  "safety_ratio": 3431364319.4296675
}